id,book,chapter,verse,txt,obj_cl_kind,obj_verb,obj_stemf,obj_tense,carc,tr_verb,tr_stemf,tr_tense,conj
426576,Genesis,1,4,N,VC,VWB[,qal,perf,527,R>H[,qal,wayq,KJ
426602,Genesis,1,10,N,VC,VWB[,qal,perf,527,R>H[,qal,wayq,KJ
426614,Genesis,1,12,N,VC,VWB[,qal,perf,527,R>H[,qal,wayq,KJ
426634,Genesis,1,18,N,VC,VWB[,qal,perf,527,R>H[,qal,wayq,KJ
426647,Genesis,1,21,N,VC,VWB[,qal,perf,527,R>H[,qal,wayq,KJ
426665,Genesis,1,25,N,VC,VWB[,qal,perf,527,R>H[,qal,wayq,KJ
426803,Genesis,3,5,Q,WP,no_verb,no_verb,no_verb,506,JD<[,qal,ptca,KJ
426809,Genesis,3,6,N,NC,no_verb,no_verb,no_verb,507,R>H[,qal,wayq,KJ
426819,Genesis,3,7,N,NC,no_verb,no_verb,no_verb,507,JD<[,qal,wayq,KJ
426835,Genesis,3,11,Q,NC,no_verb,no_verb,no_verb,502,NGD[,hif,perf,KJ
427080,Genesis,6,2,N,NC,no_verb,no_verb,no_verb,507,R>H[,qal,wayq,KJ
427095,Genesis,6,5,N,NC,no_verb,no_verb,no_verb,507,R>H[,qal,wayq,KJ
427245,Genesis,8,11,N,VC,QLL[,qal,perf,527,JD<[,qal,wayq,KJ
427569,Genesis,12,11,Q,NC,no_verb,no_verb,no_verb,502,JD<[,qal,perf,KJ
427583,Genesis,12,14,N,NC,no_verb,no_verb,no_verb,507,R>H[,qal,wayq,KJ
427594,Genesis,12,18,Q,NC,no_verb,no_verb,no_verb,502,NGD[,hif,perf,KJ
427633,Genesis,13,10,N,NC,no_verb,no_verb,no_verb,507,R>H[,qal,wayq,KJ
427701,Genesis,14,14,N,VC,CBH[,nif,perf,527,CM<[,qal,wayq,KJ
427779,Genesis,15,8,Q,VC,JRC[,qal,impf,511,JD<[,qal,impf,KJ
427795,Genesis,15,13,Q,VC,HJH[,qal,impf,511,JD<[,qal,impf,KJ
427832,Genesis,16,4,N,VC,HRH[,qal,perf,527,R>H[,qal,wayq,KJ
427838,Genesis,16,5,N,VC,HRH[,qal,perf,527,R>H[,qal,wayq,KJ
428321,Genesis,20,6,Q,VC,<FH[,qal,perf,522,JD<[,qal,perf,KJ
428333,Genesis,20,7,Q,VC,MWT[,qal,impf,513,JD<[,qal,impv,KJ
428348,Genesis,20,10,Q,VC,<FH[,qal,perf,522,R>H[,qal,perf,KJ
428562,Genesis,22,12,Q,NC,no_verb,no_verb,no_verb,502,JD<[,qal,perf,KJ
428735,Genesis,24,14,Q,VC,<FH[,qal,perf,521,JD<[,qal,impf,KJ
429201,Genesis,26,28,Q,VC,HJH[,qal,perf,522,R>H[,qal,perf,KJ
429481,Genesis,28,6,N,VC,BRK[,piel,perf,527,R>H[,qal,wayq,KJ
429491,Genesis,28,8,N,NC,no_verb,no_verb,no_verb,507,R>H[,qal,wayq,KJ
429606,Genesis,29,12,N,NC,no_verb,no_verb,no_verb,507,NGD[,hif,wayq,KJ
429672,Genesis,29,31,N,NC,no_verb,no_verb,no_verb,507,R>H[,qal,wayq,KJ
429685,Genesis,29,33,Q,NC,no_verb,no_verb,no_verb,502,CM<[,qal,perf,KJ
429702,Genesis,30,1,N,VC,JLD[,qal,perf,527,R>H[,qal,wayq,KJ
429733,Genesis,30,9,N,VC,<MD[,qal,perf,527,R>H[,qal,wayq,KJ
429884,Genesis,31,5,Q,NC,no_verb,no_verb,no_verb,506,R>H[,qal,ptca,KJ
429887,Genesis,31,6,Q,VC,<BD[,qal,perf,522,JD<[,qal,perf,KJ
429947,Genesis,31,20,N,VC,BRX[,qal,ptca,562,NGD[,hif,perf,KJ
429999,Genesis,31,32,N,VC,GNB[,qal,perf,522,JD<[,qal,perf,KJ
430198,Genesis,32,26,N,VC,JKL[,qal,perf,527,R>H[,qal,wayq,KJ
430332,Genesis,34,5,N,VC,VM>[,piel,perf,522,CM<[,qal,perf,KJ
430662,Genesis,37,4,N,VC,>HB[,qal,perf,527,R>H[,qal,wayq,KJ
430848,Genesis,38,9,N,VC,HJH[,qal,impf,517,JD<[,qal,wayq,KJ
430877,Genesis,38,14,N,VC,GDL[,qal,perf,522,R>H[,qal,perf,KJ
430887,Genesis,38,16,N,NC,no_verb,no_verb,no_verb,502,JD<[,qal,perf,KJ
430976,Genesis,39,3,N,NC,no_verb,no_verb,no_verb,507,R>H[,qal,wayq,KJ
431029,Genesis,39,13,N,VC,<ZB[,qal,perf,524,R>H[,qal,infc,KJ
431042,Genesis,39,15,N,VC,RWM[,hif,perf,524,CM<[,qal,infc,KJ
431135,Genesis,40,16,N,VC,PTR[,qal,perf,527,R>H[,qal,wayq,KJ
431352,Genesis,42,1,N,NC,no_verb,no_verb,no_verb,507,R>H[,qal,wayq,KJ
431357,Genesis,42,2,Q,NC,no_verb,no_verb,no_verb,502,CM<[,qal,perf,KJ
431460,Genesis,42,23,N,VC,CM<[,qal,ptca,562,JD<[,qal,perf,KJ
431461,Genesis,42,23,N,NC,no_verb,no_verb,no_verb,502,JD<[,qal,perf,KJ
431506,Genesis,42,33,Q,NC,no_verb,no_verb,no_verb,501,JD<[,qal,impf,KJ
431512,Genesis,42,34,Q,VC,RGL[,piel,ptca,561,JD<[,qal,impf,KJ
431575,Genesis,43,7,Q,VC,>MR[,qal,impf,511,JD<[,qal,impf,KJ
431660,Genesis,43,25,N,VC,>KL[,qal,impf,512,CM<[,qal,perf,KJ
431771,Genesis,44,15,Q,VC,NXC[,piel,impf,512,JD<[,qal,perf,KJ
431831,Genesis,44,27,Q,VC,JLD[,qal,perf,522,JD<[,qal,perf,KJ
431846,Genesis,44,31,Q,NC,no_verb,no_verb,no_verb,504,R>H[,qal,infc,KJ
431914,Genesis,45,12,Q,NC,no_verb,no_verb,no_verb,506,R>H[,qal,ptca,KJ
432287,Genesis,48,17,N,VC,CJT[,qal,impf,517,R>H[,qal,wayq,KJ
432375,Genesis,49,15,N,VC,VWB[,qal,perf,527,R>H[,qal,wayq,KJ
432498,Genesis,50,15,N,VC,MWT[,qal,perf,527,R>H[,qal,wayq,KJ
432623,Exodus,2,2,N,NC,no_verb,no_verb,no_verb,507,R>H[,qal,wayq,KJ
432750,Exodus,3,4,N,VC,SWR[,qal,perf,527,R>H[,qal,wayq,KJ
432831,Exodus,3,19,Q,VC,NTN[,qal,impf,512,JD<[,qal,perf,KJ
432915,Exodus,4,14,Q,VC,DBR[,piel,impf,512,JD<[,qal,perf,KJ
432997,Exodus,4,31,N,VC,PQD[,qal,perf,527,CM<[,qal,wayq,KJ
433132,Exodus,6,7,Q,NC,no_verb,no_verb,no_verb,502,JD<[,qal,perf,KJ
433211,Exodus,7,5,Q,NC,no_verb,no_verb,no_verb,502,JD<[,qal,perf,KJ
433262,Exodus,7,17,Q,NC,no_verb,no_verb,no_verb,501,JD<[,qal,impf,KJ
433343,Exodus,8,6,Q,NC,no_verb,no_verb,no_verb,501,JD<[,qal,impf,KJ
433354,Exodus,8,11,N,VC,HJH[,qal,perf,527,R>H[,qal,wayq,KJ
433394,Exodus,8,18,Q,NC,no_verb,no_verb,no_verb,501,JD<[,qal,impf,KJ
433489,Exodus,9,14,Q,NC,no_verb,no_verb,no_verb,501,JD<[,qal,impf,KJ
433552,Exodus,9,29,Q,NC,no_verb,no_verb,no_verb,501,JD<[,qal,impf,KJ
433555,Exodus,9,30,Q,VC,JR>[,qal,impf,512,JD<[,qal,perf,KJ
433566,Exodus,9,34,N,VC,XDL[,qal,perf,527,R>H[,qal,wayq,KJ
433582,Exodus,10,2,Q,NC,no_verb,no_verb,no_verb,502,JD<[,qal,perf,KJ
433610,Exodus,10,7,Q,VC,>BD[,qal,perf,521,JD<[,qal,impf,KJ
433625,Exodus,10,10,Q,NC,no_verb,no_verb,no_verb,503,R>H[,qal,impv,KJ
434022,Exodus,14,4,Q,NC,no_verb,no_verb,no_verb,502,JD<[,qal,perf,KJ
434085,Exodus,14,18,Q,NC,no_verb,no_verb,no_verb,502,JD<[,qal,perf,KJ
434272,Exodus,16,6,Q,VC,JY>[,hif,perf,522,JD<[,qal,perf,KJ
434307,Exodus,16,12,Q,NC,no_verb,no_verb,no_verb,502,JD<[,qal,perf,KJ
434387,Exodus,16,29,Q,VC,NTN[,qal,perf,523,R>H[,qal,impv,KJ
434493,Exodus,18,1,N,VC,JY>[,hif,perf,527,CM<[,qal,wayq,KJ
434529,Exodus,18,11,Q,NC,no_verb,no_verb,no_verb,502,JD<[,qal,perf,KJ
434768,Exodus,20,22,Q,VC,DBR[,piel,perf,522,R>H[,qal,perf,KJ
434946,Exodus,22,8,D,NC,no_verb,no_verb,no_verb,501,>MR[,qal,impf,KJ
435009,Exodus,22,26,D,NC,no_verb,no_verb,no_verb,502,CM<[,qal,perf,KJ
435046,Exodus,23,9,Q,VC,HJH[,qal,perf,522,JD<[,qal,perf,KJ
435713,Exodus,29,46,Q,NC,no_verb,no_verb,no_verb,502,JD<[,qal,perf,KJ
435864,Exodus,31,13,Q,VC,QDC[,piel,ptca,564,JD<[,qal,infc,KJ
435889,Exodus,32,1,N,VC,BWC[,piel,perf,527,R>H[,qal,wayq,KJ
436008,Exodus,32,22,Q,NC,no_verb,no_verb,no_verb,502,JD<[,qal,perf,KJ
436023,Exodus,32,25,N,NC,no_verb,no_verb,no_verb,507,R>H[,qal,wayq,KJ
436146,Exodus,33,13,Q,NC,no_verb,no_verb,no_verb,503,R>H[,qal,impv,KJ
436297,Exodus,34,29,N,VC,QRN[,qal,perf,522,JD<[,qal,perf,KJ
436320,Exodus,34,35,D,VC,QRN[,qal,perf,522,R>H[,qal,perf,KJ
439400,Leviticus,23,43,Q,VC,JCB[,hif,perf,521,JD<[,qal,impf,KJ
441093,Numeri,11,16,Q,NC,no_verb,no_verb,no_verb,502,JD<[,qal,perf,KJ
441408,Numeri,14,13,Q,VC,<LH[,hif,perf,522,CM<[,qal,perf,KJ
441411,Numeri,14,14,Q,NC,no_verb,no_verb,no_verb,502,CM<[,qal,perf,KJ
441762,Numeri,16,28,Q,VC,CLX[,qal,perf,521,JD<[,qal,impf,KJ
441774,Numeri,16,30,Q,VC,N>Y[,piel,perf,522,JD<[,qal,perf,KJ
442194,Numeri,20,29,N,VC,GW<[,qal,perf,527,R>H[,qal,wayq,KJ
442198,Numeri,21,1,N,VC,BW>[,qal,perf,527,CM<[,qal,wayq,KJ
442500,Numeri,22,34,Q,VC,NYB[,nif,ptca,562,JD<[,qal,perf,KJ
442512,Numeri,22,36,N,VC,BW>[,qal,perf,527,CM<[,qal,wayq,KJ
442674,Numeri,24,1,N,VC,VWB[,qal,perf,527,R>H[,qal,wayq,KJ
443421,Numeri,32,11,Q,VC,ML>[,piel,perf,521,R>H[,qal,impf,KJ
444267,Deuteronomium,3,19,Q,NC,no_verb,no_verb,no_verb,502,JD<[,qal,perf,KJ
444471,Deuteronomium,4,35,Q,WP,no_verb,no_verb,no_verb,504,JD<[,qal,infc,KJ
444487,Deuteronomium,4,39,Q,WP,no_verb,no_verb,no_verb,502,JD<[,qal,perf,KJ
444588,Deuteronomium,5,24,Q,VC,DBR[,piel,impf,512,R>H[,qal,perf,KJ
444764,Deuteronomium,7,9,Q,WP,no_verb,no_verb,no_verb,502,JD<[,qal,perf,KJ
444859,Deuteronomium,8,3,N,VC,XJH[,qal,impf,514,JD<[,hif,infc,KJ
444864,Deuteronomium,8,5,Q,VC,JSR[,piel,ptca,562,JD<[,qal,perf,KJ
444936,Deuteronomium,9,3,Q,WP,no_verb,no_verb,no_verb,502,JD<[,qal,perf,KJ
444956,Deuteronomium,9,6,Q,VC,NTN[,qal,ptca,562,JD<[,qal,perf,KJ
445153,Deuteronomium,11,2,Q,NC,no_verb,no_verb,no_verb,502,JD<[,qal,perf,KJ
445641,Deuteronomium,15,15,Q,VC,HJH[,qal,perf,522,ZKR[,qal,perf,KJ
446110,Deuteronomium,20,20,Q,NC,no_verb,no_verb,no_verb,501,JD<[,qal,impf,KJ
446616,Deuteronomium,26,3,Q,VC,BW>[,qal,perf,522,NGD[,hif,perf,KJ
446814,Deuteronomium,28,10,Q,VC,QR>[,nif,perf,522,R>H[,qal,perf,KJ
447056,Deuteronomium,29,5,D,NC,no_verb,no_verb,no_verb,501,JD<[,qal,impf,KJ
447215,Deuteronomium,30,18,Q,VC,>BD[,qal,impf,512,NGD[,hif,perf,KJ
447382,Deuteronomium,31,29,Q,VC,CXT[,hif,impf,512,JD<[,qal,perf,KJ
447525,Deuteronomium,32,36,D,VC,>ZL[,qal,perf,521,R>H[,qal,impf,KJ
447537,Deuteronomium,32,39,Q,WP,no_verb,no_verb,no_verb,503,R>H[,qal,impv,KJ
447876,Josua,2,9,Q,VC,NTN[,qal,perf,522,JD<[,qal,perf,KJ
447985,Josua,3,7,Q,VC,HJH[,qal,impf,511,JD<[,qal,impf,KJ
447996,Josua,3,10,Q,NC,no_verb,no_verb,no_verb,501,JD<[,qal,impf,KJ
448111,Josua,4,24,Q,NC,no_verb,no_verb,no_verb,504,JD<[,qal,infc,KJ
448517,Josua,8,14,N,NC,no_verb,no_verb,no_verb,502,JD<[,qal,perf,KJ
448550,Josua,8,21,N,VC,LKD[,qal,perf,522,R>H[,qal,perf,KJ
448670,Josua,9,16,N,NC,no_verb,no_verb,no_verb,507,CM<[,qal,wayq,KJ
448717,Josua,10,1,N,VC,LKD[,qal,perf,524,CM<[,qal,infc,KJ
449171,Josua,14,12,Q,NC,no_verb,no_verb,no_verb,502,CM<[,qal,perf,KJ
449824,Josua,22,31,Q,NC,no_verb,no_verb,no_verb,502,JD<[,qal,perf,KJ
449836,Josua,22,34,D,NC,no_verb,no_verb,no_verb,507,QR>[,qal,wayq,KJ
449888,Josua,23,13,D,VC,JSP[,hif,impf,511,JD<[,qal,impf,KJ
449896,Josua,23,14,Q,VC,NPL[,qal,perf,522,JD<[,qal,perf,KJ
450449,Judices,4,12,N,VC,<LH[,qal,perf,527,NGD[,hif,wayq,KJ
450741,Judices,6,22,N,NC,no_verb,no_verb,no_verb,507,R>H[,qal,wayq,KJ
450824,Judices,6,37,Q,VC,JC<[,hif,impf,512,JD<[,qal,perf,KJ
451373,Judices,9,55,N,VC,MWT[,qal,perf,527,R>H[,qal,wayq,KJ
451633,Judices,12,3,N,VC,JC<[,hif,ptca,567,R>H[,qal,wayq,KJ
451770,Judices,13,16,N,NC,no_verb,no_verb,no_verb,502,JD<[,qal,perf,KJ
451791,Judices,13,21,N,NC,no_verb,no_verb,no_verb,502,JD<[,qal,perf,KJ
451822,Judices,14,4,N,NC,no_verb,no_verb,no_verb,502,JD<[,qal,perf,KJ
451850,Judices,14,9,N,VC,RDH=[,qal,perf,522,NGD[,hif,perf,KJ
451965,Judices,15,11,Q,VC,MCL[,qal,ptca,562,JD<[,qal,perf,KJ
452123,Judices,16,18,N,VC,NGD[,hif,perf,527,R>H[,qal,wayq,KJ
452145,Judices,16,20,N,VC,SWR[,qal,perf,522,JD<[,qal,perf,KJ
452265,Judices,17,13,Q,VC,JVB[,hif,impf,512,JD<[,qal,perf,KJ
452340,Judices,18,14,Q,NC,no_verb,no_verb,no_verb,502,JD<[,qal,perf,KJ
452399,Judices,18,26,N,NC,no_verb,no_verb,no_verb,507,R>H[,qal,wayq,KJ
452610,Judices,20,3,N,VC,<LH[,qal,perf,527,CM<[,qal,wayq,KJ
452738,Judices,20,34,N,VC,NG<[,qal,ptca,562,JD<[,qal,perf,KJ
452743,Judices,20,36,N,VC,NGP[,nif,perf,527,R>H[,qal,wayq,KJ
452767,Judices,20,41,N,VC,NG<[,qal,perf,522,R>H[,qal,perf,KJ
453233,Samuel_I,3,8,N,VC,QR>[,qal,ptca,567,BJN[,qal,wayq,KJ
453262,Samuel_I,3,13,Q,VC,CPV[,qal,ptca,562,NGD[,hif,perf,KJ
453295,Samuel_I,3,20,N,VC,>MN[,nif,ptca,567,JD<[,qal,wayq,KJ
453327,Samuel_I,4,6,N,VC,BW>[,qal,perf,527,JD<[,qal,wayq,KJ
453441,Samuel_I,5,7,N,NC,no_verb,no_verb,no_verb,507,R>H[,qal,wayq,KJ
453524,Samuel_I,6,9,Q,VC,NG<[,qal,perf,522,JD<[,qal,perf,KJ
453608,Samuel_I,7,7,N,VC,QBY[,hit,perf,527,CM<[,qal,wayq,KJ
453830,Samuel_I,9,16,Q,VC,BW>[,qal,perf,522,R>H[,qal,perf,KJ
453980,Samuel_I,10,14,N,NC,no_verb,no_verb,no_verb,507,R>H[,qal,wayq,KJ
453987,Samuel_I,10,16,Q,VC,MY>[,nif,perf,522,NGD[,hif,perf,KJ
454020,Samuel_I,10,24,Q,NC,no_verb,no_verb,no_verb,502,R>H[,qal,perf,KJ
454171,Samuel_I,12,12,N,VC,BW>[,qal,perf,527,R>H[,qal,wayq,KJ
454200,Samuel_I,12,17,Q,NC,no_verb,no_verb,no_verb,503,R>H[,qal,impv,KJ
454260,Samuel_I,13,6,N,VC,YRR[,qal,perf,522,R>H[,qal,perf,KJ
454286,Samuel_I,13,11,Q,VC,NPY[,qal,perf,522,R>H[,qal,perf,KJ
454341,Samuel_I,14,3,N,VC,HLK[,qal,perf,522,JD<[,qal,perf,KJ
454432,Samuel_I,14,22,N,VC,NWS[,qal,perf,522,CM<[,qal,perf,KJ
454466,Samuel_I,14,29,Q,VC,>WR[,qal,perf,523,R>H[,qal,impv,KJ
455083,Samuel_I,17,46,Q,NC,no_verb,no_verb,no_verb,501,JD<[,qal,impf,KJ
455085,Samuel_I,17,47,Q,VC,JC<[,hif,impf,511,JD<[,qal,impf,KJ
455113,Samuel_I,17,51,N,VC,MWT[,qal,perf,527,R>H[,qal,wayq,KJ
455270,Samuel_I,18,28,N,NC,no_verb,no_verb,no_verb,507,JD<[,qal,wayq,KJ
455430,Samuel_I,20,3,Q,VC,MY>[,qal,perf,522,JD<[,qal,perf,KJ
455458,Samuel_I,20,7,Q,VC,KLH[,qal,perf,523,JD<[,qal,impv,KJ
455469,Samuel_I,20,9,Q,VC,KLH[,qal,perf,521,JD<[,qal,impf,KJ
455567,Samuel_I,20,30,Q,VC,BXR[,qal,ptca,562,JD<[,qal,perf,KJ
455568,Samuel_I,20,31,Q,VC,KWN[,nif,impf,512,JD<[,qal,perf,KJ
455581,Samuel_I,20,33,N,NC,no_verb,no_verb,no_verb,507,JD<[,qal,wayq,KJ
455731,Samuel_I,22,6,N,VC,JD<[,nif,perf,527,CM<[,qal,wayq,KJ
455747,Samuel_I,22,8,Q,VC,QWM[,hif,perf,526,GLH[,qal,ptca,KJ
455792,Samuel_I,22,17,Q,VC,BRX[,qal,ptca,562,JD<[,qal,perf,KJ
455809,Samuel_I,22,21,N,VC,HRG[,qal,perf,527,NGD[,hif,wayq,KJ
455813,Samuel_I,22,22,Q,VC,NGD[,hif,impf,512,JD<[,qal,perf,KJ
455860,Samuel_I,23,9,N,VC,XRC=[,hif,ptca,567,JD<[,qal,wayq,KJ
455866,Samuel_I,23,10,Q,VC,BQC[,piel,ptca,562,CM<[,qal,perf,KJ
455893,Samuel_I,23,15,N,VC,JY>[,qal,perf,527,R>H[,qal,wayq,KJ
456030,Samuel_I,24,12,Q,NC,no_verb,no_verb,no_verb,503,JD<[,qal,impv,KJ
456070,Samuel_I,24,21,Q,VC,MLK[,qal,impf,512,JD<[,qal,perf,KJ
456097,Samuel_I,25,4,N,VC,GZZ[,qal,ptca,567,CM<[,qal,wayq,KJ
456111,Samuel_I,25,7,Q,NC,no_verb,no_verb,no_verb,502,CM<[,qal,perf,KJ
456288,Samuel_I,25,39,N,VC,MWT[,qal,perf,527,CM<[,qal,wayq,KJ
456330,Samuel_I,26,3,N,VC,BW>[,qal,perf,527,R>H[,qal,wayq,KJ
456333,Samuel_I,26,4,N,VC,BW>[,qal,perf,527,JD<[,qal,wayq,KJ
456516,Samuel_I,28,1,Q,VC,JY>[,qal,impf,511,JD<[,qal,impf,KJ
456583,Samuel_I,28,14,N,NC,no_verb,no_verb,no_verb,507,JD<[,qal,wayq,KJ
456619,Samuel_I,28,21,N,VC,BHL[,nif,perf,527,R>H[,qal,wayq,KJ
456697,Samuel_I,29,9,Q,NC,no_verb,no_verb,no_verb,502,JD<[,qal,perf,KJ
456875,Samuel_I,31,5,N,VC,MWT[,qal,perf,527,R>H[,qal,wayq,KJ
456882,Samuel_I,31,7,N,VC,NWS[,qal,perf,527,R>H[,qal,wayq,KJ
456936,Samuel_II,1,5,Q,VC,MWT[,qal,perf,522,JD<[,qal,perf,KJ
456959,Samuel_II,1,10,D,VC,XJH[,qal,impf,512,JD<[,qal,perf,KJ
457139,Samuel_II,2,26,Q,VC,HJH[,qal,impf,512,JD<[,qal,perf,KJ
457330,Samuel_II,3,37,N,VC,HJH[,qal,perf,527,JD<[,qal,wayq,KJ
457334,Samuel_II,3,38,Q,VC,NPL[,qal,perf,521,JD<[,qal,impf,KJ
457340,Samuel_II,4,1,N,VC,MWT[,qal,perf,527,CM<[,qal,wayq,KJ
457446,Samuel_II,5,12,N,VC,KWN[,hif,perf,527,JD<[,qal,wayq,KJ
457457,Samuel_II,5,17,N,VC,MCX[,qal,perf,527,CM<[,qal,wayq,KJ
457627,Samuel_II,7,11,Q,VC,<FH[,qal,impf,512,NGD[,hif,perf,KJ
457736,Samuel_II,8,9,N,VC,NKH[,hif,perf,527,CM<[,qal,wayq,KJ
457854,Samuel_II,10,6,N,VC,B>C[,nif,perf,527,R>H[,qal,wayq,KJ
457865,Samuel_II,10,9,N,VC,HJH[,qal,perf,527,R>H[,qal,wayq,KJ
457886,Samuel_II,10,14,N,VC,NWS[,qal,perf,522,R>H[,qal,perf,KJ
457892,Samuel_II,10,15,N,VC,NGP[,nif,perf,527,R>H[,qal,wayq,KJ
457911,Samuel_II,10,19,N,VC,NGP[,nif,perf,527,R>H[,qal,wayq,KJ
457993,Samuel_II,11,16,N,NC,no_verb,no_verb,no_verb,502,JD<[,qal,perf,KJ
458036,Samuel_II,11,26,N,VC,MWT[,qal,perf,527,CM<[,qal,wayq,KJ
458129,Samuel_II,12,18,N,VC,MWT[,qal,perf,524,NGD[,hif,infc,KJ
458139,Samuel_II,12,19,N,NC,no_verb,no_verb,no_verb,507,R>H[,qal,wayq,KJ
458141,Samuel_II,12,19,N,VC,MWT[,qal,perf,527,BJN[,qal,wayq,KJ
458432,Samuel_II,14,1,N,NC,no_verb,no_verb,no_verb,507,JD<[,qal,wayq,KJ
458554,Samuel_II,14,22,Q,VC,MY>[,qal,perf,522,JD<[,qal,perf,KJ
458907,Samuel_II,16,21,Q,VC,B>C[,nif,perf,522,CM<[,qal,perf,KJ
458949,Samuel_II,17,8,Q,NC,no_verb,no_verb,no_verb,502,JD<[,qal,perf,KJ
458965,Samuel_II,17,10,Q,NC,no_verb,no_verb,no_verb,506,JD<[,qal,ptca,KJ
458968,Samuel_II,17,11,Q,VC,J<Y[,qal,perf,522,JD<[,qal,perf,KJ
459039,Samuel_II,17,23,N,VC,<FH[,nif,perf,522,R>H[,qal,perf,KJ
459158,Samuel_II,18,19,Q,VC,CPV[,qal,perf,521,BFR[,piel,impf,KJ
459270,Samuel_II,19,7,Q,NC,no_verb,no_verb,no_verb,502,NGD[,hif,perf,KJ
459272,Samuel_II,19,7,Q,WP,no_verb,no_verb,no_verb,502,JD<[,qal,perf,KJ
459349,Samuel_II,19,21,Q,VC,XV>[,qal,perf,522,JD<[,qal,perf,KJ
459364,Samuel_II,19,23,Q,NC,no_verb,no_verb,no_verb,502,JD<[,qal,perf,KJ
459527,Samuel_II,20,12,N,VC,<MD[,qal,perf,527,R>H[,qal,wayq,KJ
460129,Reges_I,1,11,Q,VC,MLK[,qal,perf,522,CM<[,qal,perf,KJ
460386,Reges_I,2,15,Q,VC,HJH[,qal,perf,522,JD<[,qal,perf,KJ
460508,Reges_I,2,37,Q,VC,MWT[,qal,impf,511,JD<[,qal,impf,KJ
460538,Reges_I,2,42,Q,VC,MWT[,qal,impf,511,JD<[,qal,impf,KJ
460698,Reges_I,3,28,N,NC,no_verb,no_verb,no_verb,502,R>H[,qal,perf,KJ
460779,Reges_I,5,15,N,VC,MCX[,qal,perf,522,CM<[,qal,perf,KJ
460786,Reges_I,5,17,Q,VC,JKL[,qal,perf,522,JD<[,qal,perf,KJ
460807,Reges_I,5,20,Q,NC,no_verb,no_verb,no_verb,502,JD<[,qal,perf,KJ
461332,Reges_I,8,43,Q,VC,QR>[,nif,perf,524,JD<[,qal,infc,KJ
461404,Reges_I,8,60,Q,WP,no_verb,no_verb,no_verb,504,JD<[,qal,infc,KJ
461694,Reges_I,11,21,N,VC,CKB[,qal,perf,522,CM<[,qal,perf,KJ
461728,Reges_I,11,28,N,NC,no_verb,no_verb,no_verb,507,R>H[,qal,wayq,KJ
461870,Reges_I,12,15,N,VC,HJH[,qal,perf,522,CM<[,qal,perf,KJ
461874,Reges_I,12,16,N,VC,CM<[,qal,perf,527,R>H[,qal,wayq,KJ
461897,Reges_I,12,20,N,VC,CWB[,qal,perf,524,CM<[,qal,infc,KJ
462162,Reges_I,14,2,Q,NC,no_verb,no_verb,no_verb,501,JD<[,qal,impf,KJ
462471,Reges_I,16,18,N,VC,LKD[,nif,perf,524,R>H[,qal,infc,KJ
462860,Reges_I,18,37,Q,NC,no_verb,no_verb,no_verb,501,JD<[,qal,impf,KJ
463083,Reges_I,20,7,Q,VC,BQC[,piel,ptca,563,JD<[,qal,impv,KJ
463084,Reges_I,20,7,Q,VC,CLX[,qal,perf,523,JD<[,qal,impv,KJ
463122,Reges_I,20,13,Q,NC,no_verb,no_verb,no_verb,502,JD<[,qal,perf,KJ
463200,Reges_I,20,28,Q,NC,no_verb,no_verb,no_verb,502,JD<[,qal,perf,KJ
463212,Reges_I,20,31,Q,WP,no_verb,no_verb,no_verb,502,CM<[,qal,perf,KJ
463285,Reges_I,20,41,N,NC,no_verb,no_verb,no_verb,507,NKR[,hif,wayq,KJ
463371,Reges_I,21,15,N,VC,SQL[,pual,perf,524,CM<[,qal,infc,KJ
463382,Reges_I,21,16,N,VC,MWT[,qal,perf,524,CM<[,qal,infc,KJ
463449,Reges_I,21,29,Q,VC,KN<[,nif,perf,522,R>H[,qal,perf,KJ
463459,Reges_I,22,3,Q,NC,no_verb,no_verb,no_verb,502,JD<[,qal,perf,KJ
463613,Reges_I,22,33,N,NC,no_verb,no_verb,no_verb,504,R>H[,qal,infc,KJ
463819,Reges_II,2,3,Q,VC,LQX[,qal,ptca,562,JD<[,qal,perf,KJ
463836,Reges_II,2,5,Q,VC,LQX[,qal,ptca,562,JD<[,qal,perf,KJ
464042,Reges_II,3,21,N,VC,<LH[,qal,perf,522,CM<[,qal,perf,KJ
464072,Reges_II,3,26,N,VC,XZQ[,qal,perf,527,R>H[,qal,wayq,KJ
464086,Reges_II,4,1,Q,VC,HJH[,qal,perf,522,JD<[,qal,perf,KJ
464133,Reges_II,4,9,Q,WP,no_verb,no_verb,no_verb,502,JD<[,qal,perf,KJ
464379,Reges_II,5,7,Q,VC,>NH[,hit,ptca,563,JD<[,qal,impv,KJ
464382,Reges_II,5,8,N,VC,QR<[,qal,perf,524,CM<[,qal,infc,KJ
464388,Reges_II,5,8,Q,NC,no_verb,no_verb,no_verb,501,JD<[,qal,impf,KJ
464429,Reges_II,5,15,Q,NC,no_verb,no_verb,no_verb,502,JD<[,qal,perf,KJ
464687,Reges_II,6,32,Q,VC,CLX[,qal,perf,522,R>H[,qal,perf,KJ
464786,Reges_II,7,12,Q,NC,no_verb,no_verb,no_verb,502,JD<[,qal,perf,KJ
464905,Reges_II,8,10,Q,VC,MWT[,qal,impf,512,R>H[,hif,perf,KJ
465251,Reges_II,10,10,Q,VC,NPL[,qal,impf,513,JD<[,qal,impv,KJ
465382,Reges_II,11,1,?,VC,MWT[,qal,perf,522,R>H[,qal,perf,KJ
465512,Reges_II,12,11,N,NC,no_verb,no_verb,no_verb,504,R>H[,qal,infc,KJ
466326,Reges_II,19,8,N,VC,NS<[,qal,perf,522,CM<[,qal,perf,KJ
466378,Reges_II,19,19,Q,NC,no_verb,no_verb,no_verb,501,JD<[,qal,impf,KJ
466520,Reges_II,20,12,?,VC,XLH[,qal,perf,522,CM<[,qal,perf,KJ
467050,Reges_II,25,23,N,VC,PQD[,hif,perf,527,CM<[,qal,wayq,KJ
467303,Jesaia,3,10,Q,VC,VWB[,qal,perf,523,>MR[,qal,impv,KJ
468024,Jesaia,12,4,Q,VC,FGB[,nif,ptca,563,ZKR[,hif,impv,KJ
468627,Jesaia,22,9,N,VC,RBB[,qal,perf,522,R>H[,qal,perf,KJ
469881,Jesaia,37,8,N,VC,NS<[,qal,perf,522,CM<[,qal,perf,KJ
469933,Jesaia,37,20,Q,NC,no_verb,no_verb,no_verb,501,JD<[,qal,impf,KJ
470104,Jesaia,39,1,N,VC,XLH[,qal,perf,527,CM<[,qal,wayq,KJ
470370,Jesaia,41,20,Q,VC,<FH[,qal,perf,521,FKL[,hif,impf,KJ
470388,Jesaia,41,23,Q,NC,no_verb,no_verb,no_verb,501,JD<[,qal,impf,KJ
470600,Jesaia,43,10,Q,NC,no_verb,no_verb,no_verb,501,BJN[,qal,impf,KJ
470848,Jesaia,45,3,Q,NC,no_verb,no_verb,no_verb,501,JD<[,qal,impf,KJ
470860,Jesaia,45,6,Q,NC,no_verb,no_verb,no_verb,501,JD<[,qal,impf,KJ
471143,Jesaia,48,4,Q,NC,no_verb,no_verb,no_verb,504,JD<[,qal,infc,KJ
471355,Jesaia,49,23,Q,NC,no_verb,no_verb,no_verb,502,JD<[,qal,perf,KJ
471367,Jesaia,49,26,Q,NC,no_verb,no_verb,no_verb,502,JD<[,qal,perf,KJ
471404,Jesaia,50,7,N,VC,BWC[,qal,impf,517,JD<[,qal,wayq,KJ
472155,Jesaia,59,15,N,NC,no_verb,no_verb,no_verb,507,R>H[,qal,wayq,KJ
472157,Jesaia,59,16,N,NC,no_verb,no_verb,no_verb,507,R>H[,qal,wayq,KJ
472247,Jesaia,60,16,Q,NC,no_verb,no_verb,no_verb,502,JD<[,qal,perf,KJ
472314,Jesaia,61,9,Q,NC,no_verb,no_verb,no_verb,501,NKR[,hif,impf,KJ
472926,Jeremia,2,19,Q,VC,R<<[,qal,perf,523,JD<[,qal,impv,KJ
473058,Jeremia,3,8,N,VC,CLX[,piel,perf,527,R>H[,qal,wayq,KJ
474048,Jeremia,10,23,Q,NC,no_verb,no_verb,no_verb,502,JD<[,qal,perf,KJ
474156,Jeremia,11,19,N,VC,XCB[,qal,perf,522,JD<[,qal,perf,KJ
474314,Jeremia,13,12,Q,VC,ML>[,nif,impf,511,JD<[,qal,impf,KJ
474699,Jeremia,16,21,D,NC,no_verb,no_verb,no_verb,502,JD<[,qal,perf,KJ
474720,Jeremia,17,6,Q,VC,BW>[,qal,impf,511,R>H[,qal,impf,KJ
474730,Jeremia,17,8,Q,VC,BW>[,qal,impf,511,R>H[,qal,impf,KJ
475505,Jeremia,24,7,Q,NC,no_verb,no_verb,no_verb,504,JD<[,qal,infc,KJ
475722,Jeremia,26,15,Q,WP,no_verb,no_verb,no_verb,501,JD<[,qal,impf,KJ
476410,Jeremia,32,8,N,NC,no_verb,no_verb,no_verb,507,JD<[,qal,wayq,KJ
477098,Jeremia,38,7,N,VC,NTN[,qal,perf,527,CM<[,qal,wayq,KJ
477182,Jeremia,38,25,Q,VC,DBR[,piel,perf,521,CM<[,qal,impf,KJ
477309,Jeremia,40,7,N,VC,PQD[,hif,perf,527,CM<[,qal,wayq,KJ
477333,Jeremia,40,11,N,VC,NTN[,qal,perf,522,CM<[,qal,perf,KJ
477343,Jeremia,40,14,Q,VC,CLX[,qal,perf,521,JD<[,qal,impf,KJ
477537,Jeremia,42,19,Q,VC,<WD[,hif,perf,521,JD<[,qal,impf,KJ
477538,Jeremia,42,20,Q,VC,T<H[,hif,perf,522,<WD[,hif,perf,KJ
477550,Jeremia,42,22,Q,VC,MWT[,qal,impf,511,JD<[,qal,impf,KJ
477680,Jeremia,44,15,N,VC,QVR[,piel,ptca,566,JD<[,qal,ptca,KJ
477760,Jeremia,44,29,Q,VC,QWM[,qal,impf,511,JD<[,qal,impf,KJ
477964,Jeremia,48,5,Q,VC,<LH[,qal,impf,512,CM<[,hif,perf,KJ
477965,Jeremia,48,5,Q,VC,CM<[,qal,perf,522,CM<[,hif,perf,KJ
478032,Jeremia,48,20,Q,VC,CDD[,pual,perf,523,NGD[,hif,impv,KJ
478665,Jeremia,51,31,D,VC,LKD[,nif,perf,524,NGD[,hif,infc,KJ
479049,Ezechiel,2,5,Q,VC,HJH[,qal,perf,522,JD<[,qal,perf,KJ
479354,Ezechiel,5,13,Q,VC,DBR[,piel,perf,522,JD<[,qal,perf,KJ
479413,Ezechiel,6,10,Q,NC,no_verb,no_verb,no_verb,502,JD<[,qal,perf,KJ
479427,Ezechiel,6,13,Q,NC,no_verb,no_verb,no_verb,502,JD<[,qal,perf,KJ
479434,Ezechiel,6,14,Q,NC,no_verb,no_verb,no_verb,502,JD<[,qal,perf,KJ
479451,Ezechiel,7,4,Q,NC,no_verb,no_verb,no_verb,502,JD<[,qal,perf,KJ
479474,Ezechiel,7,9,Q,VC,NKH[,hif,ptca,562,JD<[,qal,perf,KJ
479554,Ezechiel,7,27,Q,NC,no_verb,no_verb,no_verb,502,JD<[,qal,perf,KJ
479798,Ezechiel,10,20,N,NC,no_verb,no_verb,no_verb,507,JD<[,qal,wayq,KJ
479852,Ezechiel,11,10,Q,NC,no_verb,no_verb,no_verb,502,JD<[,qal,perf,KJ
479857,Ezechiel,11,12,Q,NC,no_verb,no_verb,no_verb,502,JD<[,qal,perf,KJ
479934,Ezechiel,12,3,Q,NC,no_verb,no_verb,no_verb,501,R>H[,qal,impf,KJ
479981,Ezechiel,12,15,Q,NC,no_verb,no_verb,no_verb,502,JD<[,qal,perf,KJ
479988,Ezechiel,12,16,Q,NC,no_verb,no_verb,no_verb,502,JD<[,qal,perf,KJ
480004,Ezechiel,12,20,Q,NC,no_verb,no_verb,no_verb,502,JD<[,qal,perf,KJ
480085,Ezechiel,13,9,Q,NC,no_verb,no_verb,no_verb,502,JD<[,qal,perf,KJ
480116,Ezechiel,13,14,Q,NC,no_verb,no_verb,no_verb,502,JD<[,qal,perf,KJ
480158,Ezechiel,13,21,Q,NC,no_verb,no_verb,no_verb,502,JD<[,qal,perf,KJ
480168,Ezechiel,13,23,Q,NC,no_verb,no_verb,no_verb,502,JD<[,qal,perf,KJ
480205,Ezechiel,14,8,Q,NC,no_verb,no_verb,no_verb,502,JD<[,qal,perf,KJ
480276,Ezechiel,14,23,Q,VC,<FH[,qal,perf,522,JD<[,qal,perf,KJ
480307,Ezechiel,15,7,Q,NC,no_verb,no_verb,no_verb,502,JD<[,qal,perf,KJ
480560,Ezechiel,16,62,Q,NC,no_verb,no_verb,no_verb,502,JD<[,qal,perf,KJ
480668,Ezechiel,17,21,Q,VC,DBR[,piel,perf,522,JD<[,qal,perf,KJ
480681,Ezechiel,17,24,Q,VC,CPL[,hif,perf,522,JD<[,qal,perf,KJ
480865,Ezechiel,19,5,N,VC,JXL[,nif,perf,527,R>H[,qal,wayq,KJ
480963,Ezechiel,20,12,N,NC,no_verb,no_verb,no_verb,504,JD<[,qal,infc,KJ
481001,Ezechiel,20,20,Q,NC,no_verb,no_verb,no_verb,504,JD<[,qal,infc,KJ
481089,Ezechiel,20,38,Q,NC,no_verb,no_verb,no_verb,502,JD<[,qal,perf,KJ
481110,Ezechiel,20,42,Q,NC,no_verb,no_verb,no_verb,502,JD<[,qal,perf,KJ
481119,Ezechiel,20,44,Q,NC,no_verb,no_verb,no_verb,502,JD<[,qal,perf,KJ
481137,Ezechiel,21,4,Q,VC,B<R[,piel,perf,522,R>H[,qal,perf,KJ
481158,Ezechiel,21,10,Q,VC,JY>[,hif,perf,522,JD<[,qal,perf,KJ
481369,Ezechiel,22,16,Q,NC,no_verb,no_verb,no_verb,502,JD<[,qal,perf,KJ
481392,Ezechiel,22,22,Q,VC,CPK[,qal,perf,522,JD<[,qal,perf,KJ
481483,Ezechiel,23,13,N,VC,VM>[,nif,perf,527,R>H[,qal,wayq,KJ
481623,Ezechiel,23,49,Q,NC,no_verb,no_verb,no_verb,502,JD<[,qal,perf,KJ
481734,Ezechiel,24,24,Q,NC,no_verb,no_verb,no_verb,502,JD<[,qal,perf,KJ
481768,Ezechiel,25,5,Q,NC,no_verb,no_verb,no_verb,502,JD<[,qal,perf,KJ
481780,Ezechiel,25,7,Q,NC,no_verb,no_verb,no_verb,502,JD<[,qal,perf,KJ
481792,Ezechiel,25,11,Q,NC,no_verb,no_verb,no_verb,502,JD<[,qal,perf,KJ
481818,Ezechiel,25,17,Q,NC,no_verb,no_verb,no_verb,502,JD<[,qal,perf,KJ
482098,Ezechiel,28,22,Q,NC,no_verb,no_verb,no_verb,502,JD<[,qal,perf,KJ
482108,Ezechiel,28,24,Q,NC,no_verb,no_verb,no_verb,502,JD<[,qal,perf,KJ
482122,Ezechiel,28,26,Q,NC,no_verb,no_verb,no_verb,502,JD<[,qal,perf,KJ
482148,Ezechiel,29,6,Q,NC,no_verb,no_verb,no_verb,502,JD<[,qal,perf,KJ
482214,Ezechiel,29,21,Q,NC,no_verb,no_verb,no_verb,502,JD<[,qal,perf,KJ
482676,Ezechiel,33,29,Q,NC,no_verb,no_verb,no_verb,502,JD<[,qal,perf,KJ
482704,Ezechiel,33,33,Q,VC,HJH[,qal,perf,522,JD<[,qal,perf,KJ
482820,Ezechiel,34,27,Q,NC,no_verb,no_verb,no_verb,502,JD<[,qal,perf,KJ
482832,Ezechiel,34,30,Q,NC,no_verb,no_verb,no_verb,502,JD<[,qal,perf,KJ
482853,Ezechiel,35,4,Q,NC,no_verb,no_verb,no_verb,502,JD<[,qal,perf,KJ
482871,Ezechiel,35,9,Q,NC,no_verb,no_verb,no_verb,502,JD<[,qal,perf,KJ
482885,Ezechiel,35,12,Q,NC,no_verb,no_verb,no_verb,502,JD<[,qal,perf,KJ
482903,Ezechiel,35,15,Q,NC,no_verb,no_verb,no_verb,502,JD<[,qal,perf,KJ
482966,Ezechiel,36,11,Q,NC,no_verb,no_verb,no_verb,502,JD<[,qal,perf,KJ
483018,Ezechiel,36,23,Q,NC,no_verb,no_verb,no_verb,502,JD<[,qal,perf,KJ
483069,Ezechiel,36,36,Q,VC,BNH[,qal,perf,522,JD<[,qal,perf,KJ
483113,Ezechiel,37,6,Q,NC,no_verb,no_verb,no_verb,502,JD<[,qal,perf,KJ
483161,Ezechiel,37,13,Q,NC,no_verb,no_verb,no_verb,502,JD<[,qal,perf,KJ
483169,Ezechiel,37,14,Q,VC,DBR[,piel,perf,522,JD<[,qal,perf,KJ
483231,Ezechiel,37,28,Q,VC,QDC[,piel,ptca,562,JD<[,qal,perf,KJ
483334,Ezechiel,38,23,Q,NC,no_verb,no_verb,no_verb,502,JD<[,qal,perf,KJ
483355,Ezechiel,39,6,Q,NC,no_verb,no_verb,no_verb,502,JD<[,qal,perf,KJ
483359,Ezechiel,39,7,Q,NC,no_verb,no_verb,no_verb,502,JD<[,qal,perf,KJ
483423,Ezechiel,39,22,Q,NC,no_verb,no_verb,no_verb,502,JD<[,qal,perf,KJ
483425,Ezechiel,39,23,Q,VC,GLH[,qal,perf,522,JD<[,qal,perf,KJ
483445,Ezechiel,39,28,Q,NC,no_verb,no_verb,no_verb,502,JD<[,qal,perf,KJ
484522,Hosea,2,10,Q,VC,NTN[,qal,perf,522,JD<[,qal,perf,KJ
485065,Hosea,11,3,Q,VC,RP>[,qal,perf,522,JD<[,qal,perf,KJ
485470,Joel,2,27,Q,NC,no_verb,no_verb,no_verb,502,JD<[,qal,perf,KJ
485554,Joel,4,17,Q,NC,no_verb,no_verb,no_verb,502,JD<[,qal,perf,KJ
485731,Amos,3,14,Q,NC,no_verb,no_verb,no_verb,503,<WD[,hif,impv,KJ
486353,Jona,1,10,N,VC,BRX[,qal,ptca,562,JD<[,qal,perf,KJ
486365,Jona,1,12,Q,NC,no_verb,no_verb,no_verb,506,JD<[,qal,ptca,KJ
486463,Jona,3,10,N,VC,CWB[,qal,perf,527,R>H[,qal,wayq,KJ
486478,Jona,4,2,Q,NC,no_verb,no_verb,no_verb,502,JD<[,qal,perf,KJ
487996,Sacharia,2,13,Q,VC,CLX[,qal,perf,522,JD<[,qal,perf,KJ
488007,Sacharia,2,15,Q,VC,CLX[,qal,perf,522,JD<[,qal,perf,KJ
488111,Sacharia,4,9,Q,VC,CLX[,qal,perf,522,JD<[,qal,perf,KJ
488258,Sacharia,6,15,D,VC,CLX[,qal,perf,522,JD<[,qal,perf,KJ
488607,Sacharia,11,11,N,NC,no_verb,no_verb,no_verb,507,JD<[,qal,wayq,KJ
488938,Maleachi,2,4,Q,VC,CLX[,piel,perf,522,JD<[,qal,perf,KJ
489210,Psalmi,4,4,Q,VC,PLH[,hif,perf,523,JD<[,qal,impv,KJ
489928,Psalmi,20,7,Q,VC,JC<[,hif,perf,522,JD<[,qal,perf,KJ
490584,Psalmi,34,9,Q,VC,VWB[,qal,perf,523,R>H[,qal,impv,KJ
490800,Psalmi,37,13,Q,VC,BW>[,qal,impf,512,R>H[,qal,perf,KJ
491114,Psalmi,41,12,Q,VC,XPY[,qal,perf,522,JD<[,qal,perf,KJ
491135,Psalmi,42,5,Q,VC,<BR[,qal,impf,511,ZKR[,qal,impf,KJ
491335,Psalmi,46,11,Q,NC,no_verb,no_verb,no_verb,503,JD<[,qal,impv,KJ
491787,Psalmi,56,10,Q,NC,no_verb,no_verb,no_verb,502,JD<[,qal,perf,KJ
491936,Psalmi,59,14,Q,VC,MCL[,qal,ptca,561,JD<[,qal,impf,KJ
493000,Psalmi,78,35,N,NC,no_verb,no_verb,no_verb,507,ZKR[,qal,wayq,KJ
493013,Psalmi,78,39,N,NC,no_verb,no_verb,no_verb,507,ZKR[,qal,wayq,KJ
493309,Psalmi,83,19,Q,NC,no_verb,no_verb,no_verb,501,JD<[,qal,impf,KJ
493799,Psalmi,92,16,Q,NC,no_verb,no_verb,no_verb,504,NGD[,hif,infc,KJ
494046,Psalmi,100,3,Q,WP,no_verb,no_verb,no_verb,503,JD<[,qal,impv,KJ
494751,Psalmi,109,27,Q,NC,no_verb,no_verb,no_verb,501,JD<[,qal,impf,KJ
494982,Psalmi,118,2,Q,NC,no_verb,no_verb,no_verb,501,>MR[,qal,impf,KJ
494984,Psalmi,118,3,Q,NC,no_verb,no_verb,no_verb,501,>MR[,qal,impf,KJ
494986,Psalmi,118,4,Q,NC,no_verb,no_verb,no_verb,501,>MR[,qal,impf,KJ
495225,Psalmi,119,75,Q,NC,no_verb,no_verb,no_verb,502,JD<[,qal,perf,KJ
495403,Psalmi,119,152,Q,VC,JSD[,qal,perf,522,JD<[,qal,perf,KJ
495421,Psalmi,119,159,Q,VC,>HB[,qal,perf,523,R>H[,qal,impv,KJ
495751,Psalmi,135,5,Q,NC,no_verb,no_verb,no_verb,502,JD<[,qal,perf,KJ
496021,Psalmi,140,13,Q,VC,<FH[,qal,impf,512,JD<[,qal,perf,KJ
496048,Psalmi,141,6,Q,VC,N<M[,qal,perf,522,CM<[,qal,perf,KJ
496566,Iob,2,13,N,VC,GDL[,qal,perf,522,R>H[,qal,perf,KJ
496755,Iob,5,24,Q,NC,no_verb,no_verb,no_verb,502,JD<[,qal,perf,KJ
496759,Iob,5,25,Q,NC,no_verb,no_verb,no_verb,502,JD<[,qal,perf,KJ
496870,Iob,7,7,Q,NC,no_verb,no_verb,no_verb,503,ZKR[,qal,impv,KJ
496974,Iob,9,2,Q,NC,no_verb,no_verb,no_verb,502,JD<[,qal,perf,KJ
497013,Iob,9,16,Q,VC,>ZN[,hif,impf,511,>MN[,hif,impf,KJ
497051,Iob,9,28,Q,VC,NQH[,piel,impf,512,JD<[,qal,perf,KJ
497094,Iob,10,9,Q,VC,<FH[,qal,perf,523,ZKR[,qal,impv,KJ
497104,Iob,10,13,Q,NC,no_verb,no_verb,no_verb,502,JD<[,qal,perf,KJ
497153,Iob,11,6,Q,VC,NCH[,hif,impf,513,JD<[,qal,impv,KJ
497220,Iob,12,9,Q,VC,<FH[,qal,perf,522,JD<[,qal,perf,KJ
497309,Iob,13,18,Q,VC,YDQ[,qal,impf,512,JD<[,qal,perf,KJ
497462,Iob,15,23,Q,VC,KWN[,nif,ptca,562,JD<[,qal,perf,KJ
497660,Iob,19,6,Q,VC,<WT[,piel,perf,523,JD<[,qal,impv,KJ
497733,Iob,20,5,Q,NC,no_verb,no_verb,no_verb,502,JD<[,qal,perf,KJ
497871,Iob,21,28,Q,VC,>MR[,qal,impf,512,JD<[,qal,perf,KJ
498517,Iob,32,5,N,NC,no_verb,no_verb,no_verb,507,R>H[,qal,wayq,KJ
498836,Iob,36,10,N,VC,CWB[,qal,impf,517,>MR[,qal,wayq,KJ
498873,Iob,36,24,Q,VC,FG>[,hif,impf,513,ZKR[,qal,impv,KJ
498946,Iob,37,20,Q,VC,BL<==[,pual,impf,512,>MR[,qal,perf,KJ
499098,Iob,39,15,N,VC,ZWR=[,qal,impf,517,CKX[,qal,wayq,KJ
499121,Iob,39,24,Q,NC,no_verb,no_verb,no_verb,501,>MN[,hif,impf,KJ
499277,Iob,42,2,Q,VC,JKL[,qal,impf,512,JD<[,qal,perf,KJ
499837,Proverbia,7,23,Q,NC,no_verb,no_verb,no_verb,502,JD<[,qal,perf,KJ
499986,Proverbia,9,18,?,NC,no_verb,no_verb,no_verb,502,JD<[,qal,perf,KJ
501434,Proverbia,28,22,?,VC,BW>[,qal,impf,511,JD<[,qal,impf,KJ
501694,Proverbia,31,18,?,NC,no_verb,no_verb,no_verb,502,V<M[,qal,perf,KJ
501749,Ruth,1,6,N,VC,PQD[,qal,perf,522,CM<[,qal,perf,KJ
501817,Ruth,1,18,N,VC,>MY[,hit,ptca,567,R>H[,qal,wayq,KJ
502038,Ruth,3,11,Q,NC,no_verb,no_verb,no_verb,506,JD<[,qal,ptca,KJ
502729,Ecclesiastes,1,18,Q,NC,no_verb,no_verb,no_verb,502,JD<[,qal,perf,KJ
502840,Ecclesiastes,2,24,Q,NC,no_verb,no_verb,no_verb,502,R>H[,qal,perf,KJ
502918,Ecclesiastes,3,12,Q,NC,no_verb,no_verb,no_verb,502,JD<[,qal,perf,KJ
502927,Ecclesiastes,3,14,Q,WP,no_verb,no_verb,no_verb,502,JD<[,qal,perf,KJ
502974,Ecclesiastes,3,22,Q,NC,no_verb,no_verb,no_verb,502,R>H[,qal,perf,KJ
502997,Ecclesiastes,4,4,Q,NC,no_verb,no_verb,no_verb,502,R>H[,qal,perf,KJ
503072,Ecclesiastes,5,5,Q,NC,no_verb,no_verb,no_verb,501,>MR[,qal,impf,KJ
503320,Ecclesiastes,8,6,?,NC,no_verb,no_verb,no_verb,501,JD<[,qal,impf,KJ
503378,Ecclesiastes,8,17,Q,VC,JKL[,qal,impf,512,R>H[,qal,perf,KJ
503440,Ecclesiastes,9,11,Q,NC,no_verb,no_verb,no_verb,505,R>H[,qal,infa,KJ
503579,Ecclesiastes,11,9,Q,VC,BW>[,hif,impf,513,JD<[,qal,impv,KJ
503703,Threni,1,11,Q,VC,HJH[,qal,perf,523,NBV[,hif,impv,KJ
503751,Threni,1,20,Q,VC,YRR[,qal,perf,523,R>H[,qal,impv,KJ
503758,Threni,1,21,Q,VC,>NX[,nif,ptca,562,CM<[,qal,perf,KJ
504063,Threni,4,12,D,VC,BW>[,qal,impf,512,>MN[,hif,perf,KJ
504353,Esther,3,5,N,VC,KR<[,qal,ptca,567,R>H[,qal,wayq,KJ
504673,Esther,7,7,N,VC,KLH[,qal,perf,522,R>H[,qal,perf,KJ
506084,Daniel,8,17,Q,NC,no_verb,no_verb,no_verb,503,BJN[,hif,impv,KJ
506829,Esra,4,1,N,VC,BNH[,qal,ptca,567,CM<[,qal,wayq,KJ
507697,Nehemia,3,33,N,VC,BNH[,qal,ptca,562,CM<[,qal,perf,KJ
507728,Nehemia,4,1,N,VC,<LH[,qal,perf,522,CM<[,qal,perf,KJ
507765,Nehemia,4,9,N,VC,JD<[,nif,perf,522,CM<[,qal,perf,KJ
507975,Nehemia,6,16,N,VC,<FH[,nif,perf,527,JD<[,qal,wayq,KJ
508234,Nehemia,9,10,Q,VC,ZJD[,hif,perf,522,JD<[,qal,perf,KJ
508653,Nehemia,13,10,N,VC,NTN[,nif,perf,527,JD<[,qal,wayq,KJ
509555,Chronica_I,10,5,N,VC,MWT[,qal,perf,527,R>H[,qal,wayq,KJ
509562,Chronica_I,10,7,N,VC,NWS[,qal,perf,527,R>H[,qal,wayq,KJ
509888,Chronica_I,14,2,N,VC,KWN[,hif,perf,527,JD<[,qal,wayq,KJ
509899,Chronica_I,14,8,N,VC,MCX[,nif,perf,527,CM<[,qal,wayq,KJ
510294,Chronica_I,18,9,N,VC,NKH[,hif,perf,527,CM<[,qal,wayq,KJ
510348,Chronica_I,19,6,N,VC,B>C[,hit,perf,527,R>H[,qal,wayq,KJ
510363,Chronica_I,19,10,N,VC,HJH[,qal,perf,527,R>H[,qal,wayq,KJ
510383,Chronica_I,19,15,N,VC,NWS[,qal,perf,522,R>H[,qal,perf,KJ
510388,Chronica_I,19,16,N,VC,NGP[,nif,perf,527,R>H[,qal,wayq,KJ
510405,Chronica_I,19,19,N,VC,NGP[,nif,perf,527,R>H[,qal,wayq,KJ
510537,Chronica_I,21,18,N,VC,<LH[,qal,impf,514,>MR[,qal,infc,KJ
510578,Chronica_I,21,28,N,VC,<NH[,qal,perf,524,R>H[,qal,infc,KJ
511105,Chronica_I,28,10,Q,VC,BXR[,qal,perf,523,R>H[,qal,impv,KJ
511211,Chronica_I,29,17,Q,VC,BXN[,qal,ptca,562,JD<[,qal,perf,KJ
511737,Chronica_II,6,33,Q,VC,QR>[,nif,perf,524,JD<[,qal,infc,KJ
512227,Chronica_II,12,7,N,VC,KN<[,nif,perf,524,R>H[,qal,infc,KJ
512285,Chronica_II,13,5,Q,VC,NTN[,qal,perf,524,JD<[,qal,infc,KJ
512455,Chronica_II,15,9,N,NC,no_verb,no_verb,no_verb,504,R>H[,qal,infc,KJ
512754,Chronica_II,18,32,N,VC,HJH[,qal,perf,524,R>H[,qal,infc,KJ
512951,Chronica_II,20,29,N,VC,LXM[,nif,perf,524,CM<[,qal,infc,KJ
513104,Chronica_II,22,10,N,VC,MWT[,qal,perf,522,R>H[,qal,perf,KJ
513246,Chronica_II,24,11,N,NC,no_verb,no_verb,no_verb,504,R>H[,qal,infc,KJ
513407,Chronica_II,25,16,Q,VC,J<Y[,qal,perf,522,JD<[,qal,perf,KJ
513675,Chronica_II,28,23,Q,WP,no_verb,no_verb,no_verb,999,>MR[,qal,wayq,KJ
514014,Chronica_II,32,2,N,VC,BW>[,qal,perf,527,R>H[,qal,wayq,KJ
514198,Chronica_II,33,13,N,WP,no_verb,no_verb,no_verb,507,JD<[,qal,wayq,KJ
428685,Genesis,24,3,Q,VC,LQX[,qal,impf,507,CB<[,hif,impf,ACR
433731,Exodus,11,7,Q,VC,PLH[,hif,impf,507,JD<[,qal,impf,ACR
443998,Deuteronomium,1,31,Q,VC,NF>[,qal,perf,507,R>H[,qal,perf,ACR
455207,Samuel_I,18,15,N,VC,FKL[,hif,ptca,507,R>H[,qal,wayq,ACR
456929,Samuel_II,1,4,N,VC,NWS[,qal,perf,507,>MR[,qal,wayq,ACR
463528,Reges_I,22,16,Q,VC,DBR[,piel,impf,507,CB<[,hif,ptca,ACR
481031,Ezechiel,20,26,D,NC,no_verb,no_verb,no_verb,501,JD<[,qal,impf,ACR
496984,Iob,9,5,Q,VC,HPK[,qal,perf,501,JD<[,qal,perf,ACR
503265,Ecclesiastes,7,22,Q,VC,QLL[,piel,perf,501,JD<[,qal,perf,ACR
503301,Ecclesiastes,7,29,Q,VC,<FH[,qal,perf,501,MY>[,qal,perf,ACR
503352,Ecclesiastes,8,12,Q,VC,HJH[,qal,impf,501,JD<[,qal,ptca,ACR
504226,Esther,1,19,Q,VC,BW>[,qal,impf,501,JY>[,qal,impf,ACR
504278,Esther,2,10,N,VC,NGD[,hif,impf,501,YWH[,piel,perf,ACR
504457,Esther,4,11,Q,WP,no_verb,no_verb,no_verb,506,JD<[,qal,ptca,ACR
504745,Esther,8,11,N,VC,NTN[,qal,perf,506,KTB[,qal,wayq,ACR
504927,Daniel,1,8,N,VC,G>L=[,hit,impf,506,FJM[,qal,wayq,ACR
504929,Daniel,1,8,N,VC,G>L=[,hit,impf,506,BQC[,piel,wayq,ACR
506760,Esra,2,63,N,VC,>KL[,qal,impf,506,>MR[,qal,wayq,ACR
508091,Nehemia,7,65,N,VC,>KL[,qal,impf,506,>MR[,qal,wayq,ACR
508699,Nehemia,13,19,N,VC,PTX[,qal,impf,506,>MR[,qal,wayq,ACR
508710,Nehemia,13,22,N,VC,HJH[,qal,impf,506,>MR[,qal,wayq,ACR
511354,Chronica_II,2,7,Q,VC,JD<[,qal,ptca,506,JD<[,qal,perf,ACR
512665,Chronica_II,18,15,Q,VC,DBR[,piel,impf,506,CB<[,hif,ptca,ACR
448052,Josua,4,7,Q,VC,KRT[,nif,perf,0,>MR[,qal,perf,ACR
454670,Samuel_I,15,20,Q,VC,CM<[,qal,perf,999,>MR[,qal,wayq,ACR
504351,Esther,3,4,N,NC,no_verb,no_verb,no_verb,10,NGD[,hif,perf,ACR
